{
  "Address" : {
    "transaction" : "Address",
    "sampleCount" : 71,
    "errorCount" : 30,
    "errorPct" : 42.25352,
    "meanResTime" : 1213.3380281690138,
    "medianResTime" : 621.0,
    "minResTime" : 232.0,
    "maxResTime" : 6221.0,
    "pct1ResTime" : 3227.199999999999,
    "pct2ResTime" : 4761.999999999996,
    "pct3ResTime" : 6221.0,
    "throughput" : 1.3255913817889884,
    "receivedKBytesPerSec" : 11.09909291508747,
    "sentKBytesPerSec" : 0.29354672709620805
  },
  "Total" : {
    "transaction" : "Total",
    "sampleCount" : 2314,
    "errorCount" : 1301,
    "errorPct" : 56.222992,
    "meanResTime" : 16991.14131374246,
    "medianResTime" : 21588.0,
    "minResTime" : 4.0,
    "maxResTime" : 157435.0,
    "pct1ResTime" : 23829.5,
    "pct2ResTime" : 25778.5,
    "pct3ResTime" : 157394.55,
    "throughput" : 14.600842987304713,
    "receivedKBytesPerSec" : 92.6025372139301,
    "sentKBytesPerSec" : 3.330685441826935
  },
  "Logout" : {
    "transaction" : "Logout",
    "sampleCount" : 41,
    "errorCount" : 21,
    "errorPct" : 51.219513,
    "meanResTime" : 1016.4146341463414,
    "medianResTime" : 717.0,
    "minResTime" : 274.0,
    "maxResTime" : 4987.0,
    "pct1ResTime" : 2362.8000000000006,
    "pct2ResTime" : 3477.6999999999985,
    "pct3ResTime" : 4987.0,
    "throughput" : 1.1919297633583348,
    "receivedKBytesPerSec" : 7.759382131591952,
    "sentKBytesPerSec" : 0.264851199561021
  },
  "Login" : {
    "transaction" : "Login",
    "sampleCount" : 536,
    "errorCount" : 454,
    "errorPct" : 84.70149,
    "meanResTime" : 3259.576492537313,
    "medianResTime" : 2848.0,
    "minResTime" : 4.0,
    "maxResTime" : 48115.0,
    "pct1ResTime" : 5568.3,
    "pct2ResTime" : 6004.6,
    "pct3ResTime" : 12086.15,
    "throughput" : 8.54346647964551,
    "receivedKBytesPerSec" : 14.076521605725398,
    "sentKBytesPerSec" : 4.235433967451943
  },
  "Account Login Page" : {
    "transaction" : "Account Login Page",
    "sampleCount" : 1666,
    "errorCount" : 796,
    "errorPct" : 47.77911,
    "meanResTime" : 22474.518607442984,
    "medianResTime" : 22024.5,
    "minResTime" : 653.0,
    "maxResTime" : 157435.0,
    "pct1ResTime" : 24744.0,
    "pct2ResTime" : 26146.699999999997,
    "pct3ResTime" : 157411.32,
    "throughput" : 10.512102168042201,
    "receivedKBytesPerSec" : 81.59499983042451,
    "sentKBytesPerSec" : 1.4973416086166427
  }
}