{
  "Address" : {
    "transaction" : "Address",
    "sampleCount" : 28,
    "errorCount" : 0,
    "errorPct" : 0.0,
    "meanResTime" : 1154.7857142857147,
    "medianResTime" : 1166.5,
    "minResTime" : 651.0,
    "maxResTime" : 1628.0,
    "pct1ResTime" : 1615.4,
    "pct2ResTime" : 1623.95,
    "pct3ResTime" : 1628.0,
    "throughput" : 9.177318911832186,
    "receivedKBytesPerSec" : 131.3577387536873,
    "sentKBytesPerSec" : 2.0613118649623074
  },
  "Total" : {
    "transaction" : "Total",
    "sampleCount" : 126,
    "errorCount" : 7,
    "errorPct" : 5.5555553,
    "meanResTime" : 1127.1825396825398,
    "medianResTime" : 970.5,
    "minResTime" : 325.0,
    "maxResTime" : 2098.0,
    "pct1ResTime" : 1637.5,
    "pct2ResTime" : 1936.6,
    "pct3ResTime" : 2078.8300000000004,
    "throughput" : 19.550038789759505,
    "receivedKBytesPerSec" : 218.7883351920093,
    "sentKBytesPerSec" : 6.017109920480992
  },
  "Logout" : {
    "transaction" : "Logout",
    "sampleCount" : 28,
    "errorCount" : 0,
    "errorPct" : 0.0,
    "meanResTime" : 1523.8214285714287,
    "medianResTime" : 1449.0,
    "minResTime" : 927.0,
    "maxResTime" : 2027.0,
    "pct1ResTime" : 2021.2,
    "pct2ResTime" : 2025.2,
    "pct3ResTime" : 2027.0,
    "throughput" : 10.218978102189782,
    "receivedKBytesPerSec" : 134.25524635036496,
    "sentKBytesPerSec" : 2.2653398722627736
  },
  "Login" : {
    "transaction" : "Login",
    "sampleCount" : 35,
    "errorCount" : 7,
    "errorPct" : 20.0,
    "meanResTime" : 968.3428571428572,
    "medianResTime" : 928.0,
    "minResTime" : 325.0,
    "maxResTime" : 2098.0,
    "pct1ResTime" : 1573.9999999999998,
    "pct2ResTime" : 1728.399999999998,
    "pct3ResTime" : 2098.0,
    "throughput" : 10.260920551158017,
    "receivedKBytesPerSec" : 38.68200994942832,
    "sentKBytesPerSec" : 6.202646309733216
  },
  "Account Login Page" : {
    "transaction" : "Account Login Page",
    "sampleCount" : 35,
    "errorCount" : 0,
    "errorPct" : 0.0,
    "meanResTime" : 946.6285714285715,
    "medianResTime" : 928.0,
    "minResTime" : 907.0,
    "maxResTime" : 1227.0,
    "pct1ResTime" : 974.4,
    "pct2ResTime" : 1154.9999999999995,
    "pct3ResTime" : 1227.0,
    "throughput" : 15.822784810126583,
    "receivedKBytesPerSec" : 230.3411611381103,
    "sentKBytesPerSec" : 2.317790743670886
  }
}